survey_round,V1
1,23/03/2020
3,06/04/2020
5,22/04/2020
7,04/05/2020
9,20/05/2020
11,03/06/2020
13,17/06/2020
15,01/07/2020
17,15/07/2020
19,30/07/2020
2,01/04/2020
4,15/04/2020
6,29/04/2020
8,13/05/2020
10,27/05/2020
12,10/06/2020
14,24/06/2020
16,08/07/2020
18,22/07/2020
20,09/08/2020
22,23/08/2020
24,06/09/2020
26,16/09/2020
28,01/10/2020
30,15/10/2020
32,29/10/2020
34,11/11/2020
36,25/11/2020
38,09/12/2020
40,23/12/2020
42,05/01/2021
44,21/01/2021
21,13/08/2020
23,27/08/2020
25,10/09/2020
27,24/09/2020
29,07/10/2020
31,22/10/2020
33,04/11/2020
35,18/11/2020
37,02/12/2020
39,20/12/2020
41,29/12/2020
43,13/01/2021
45,27/01/2021
700,08/05/2020